N,MSE_vs_GP,PFN_MSE_vs_True,GP_MSE_vs_True
2,2.437594775983598e-05,0.3032117486000061,0.30449700355529785
4,8.591206278651953e-05,0.2959253787994385,0.2989266812801361
6,0.00010471658606547862,0.3089497983455658,0.3117454946041107
8,0.0008933013887144625,0.1224048063158989,0.1243530660867691
10,0.005418154411017895,0.006796981208026409,0.012553581036627293
12,0.0049902405589818954,0.009454268030822277,0.002294423757120967
15,0.003845859318971634,0.0038344482891261578,0.00019242115376982838
20,0.0032326453365385532,0.0039028481114655733,0.0001805279025575146
