Model,N=2 MSE,N=4 MSE,N=8 MSE,N=16 MSE
PFN-160K,0.00141,0.00706,0.03102,0.02426
PFN-800K,0.00040,0.00297,0.02412,0.02269
PFN-4M,0.00009,0.00098,0.01792,0.02655
